Unnamed: 0,Date,AQI,Date_date,Year,Month
0,2020-03-05,73.0,2020-03-05,2020,3
1,2020-03-06,55.0,2020-03-06,2020,3
2,2020-03-07,78.0,2020-03-07,2020,3
3,2020-03-08,120.0,2020-03-08,2020,3
4,2020-03-09,179.0,2020-03-09,2020,3
5,2020-03-10,224.0,2020-03-10,2020,3
6,2020-03-11,106.0,2020-03-11,2020,3
7,2020-03-12,140.0,2020-03-12,2020,3
8,2020-03-13,164.0,2020-03-13,2020,3
9,2020-03-14,123.0,2020-03-14,2020,3
10,2020-03-15,147.0,2020-03-15,2020,3
11,2020-03-16,251.0,2020-03-16,2020,3
12,2020-03-17,245.0,2020-03-17,2020,3
13,2020-03-18,301.0,2020-03-18,2020,3
14,2020-03-19,200.0,2020-03-19,2020,3
15,2020-03-20,223.0,2020-03-20,2020,3
16,2020-03-21,132.0,2020-03-21,2020,3
17,2020-03-22,225.0,2020-03-22,2020,3
18,2020-03-23,121.0,2020-03-23,2020,3
19,2020-03-24,120.0,2020-03-24,2020,3
20,2020-03-25,69.0,2020-03-25,2020,3
21,2020-03-26,71.0,2020-03-26,2020,3
22,2020-03-27,46.0,2020-03-27,2020,3
23,2020-03-28,54.0,2020-03-28,2020,3
24,2020-03-29,71.0,2020-03-29,2020,3
25,2020-03-30,73.0,2020-03-30,2020,3
26,2020-03-31,77.0,2020-03-31,2020,3
27,2020-04-01,67.0,2020-04-01,2020,4
28,2020-04-02,78.0,2020-04-02,2020,4
29,2020-04-03,88.0,2020-04-03,2020,4
30,2020-04-04,73.0,2020-04-04,2020,4
31,2020-04-05,101.0,2020-04-05,2020,4
32,2020-04-06,95.0,2020-04-06,2020,4
33,2020-04-07,100.0,2020-04-07,2020,4
34,2020-04-08,85.0,2020-04-08,2020,4
35,2020-04-09,85.0,2020-04-09,2020,4
36,2020-04-10,126.0,2020-04-10,2020,4
37,2020-04-11,107.0,2020-04-11,2020,4
38,2020-04-12,87.0,2020-04-12,2020,4
39,2020-04-13,124.0,2020-04-13,2020,4
40,2020-04-14,152.0,2020-04-14,2020,4
41,2020-04-15,173.0,2020-04-15,2020,4
42,2020-04-16,136.0,2020-04-16,2020,4
43,2020-04-17,92.0,2020-04-17,2020,4
44,2020-04-18,93.0,2020-04-18,2020,4
45,2020-04-19,98.0,2020-04-19,2020,4
46,2020-04-20,111.0,2020-04-20,2020,4
47,2020-04-21,86.0,2020-04-21,2020,4
48,2020-04-22,122.0,2020-04-22,2020,4
49,2020-04-23,113.0,2020-04-23,2020,4
50,2020-04-24,119.0,2020-04-24,2020,4
51,2020-04-25,92.0,2020-04-25,2020,4
52,2020-04-26,147.0,2020-04-26,2020,4
53,2020-04-27,89.0,2020-04-27,2020,4
54,2020-04-28,96.0,2020-04-28,2020,4
55,2020-04-29,131.0,2020-04-29,2020,4
56,2020-04-30,118.0,2020-04-30,2020,4
57,2020-05-01,130.0,2020-05-01,2020,5
58,2020-05-02,113.0,2020-05-02,2020,5
59,2020-05-03,101.0,2020-05-03,2020,5
60,2020-05-04,98.0,2020-05-04,2020,5
61,2020-05-05,98.0,2020-05-05,2020,5
62,2020-05-06,121.0,2020-05-06,2020,5
63,2020-05-07,116.0,2020-05-07,2020,5
64,2020-05-08,144.0,2020-05-08,2020,5
65,2020-05-09,155.0,2020-05-09,2020,5
66,2020-05-10,109.0,2020-05-10,2020,5
67,2020-05-11,104.0,2020-05-11,2020,5
68,2020-05-12,121.0,2020-05-12,2020,5
69,2020-05-13,128.0,2020-05-13,2020,5
70,2020-05-14,120.0,2020-05-14,2020,5
71,2020-05-15,105.0,2020-05-15,2020,5
72,2020-05-16,121.0,2020-05-16,2020,5
73,2020-05-17,161.0,2020-05-17,2020,5
74,2020-05-18,109.0,2020-05-18,2020,5
75,2020-05-19,151.0,2020-05-19,2020,5
76,2020-05-20,121.0,2020-05-20,2020,5
77,2020-05-21,132.0,2020-05-21,2020,5
78,2020-05-22,148.0,2020-05-22,2020,5
79,2020-05-23,228.0,2020-05-23,2020,5
80,2020-05-24,185.0,2020-05-24,2020,5
81,2020-05-25,185.0,2020-05-25,2020,5
82,2020-05-26,205.0,2020-05-26,2020,5
83,2020-05-27,315.0,2020-05-27,2020,5
84,2020-05-28,320.0,2020-05-28,2020,5
85,2020-05-29,103.0,2020-05-29,2020,5
86,2020-05-30,88.0,2020-05-30,2020,5
87,2020-05-31,89.0,2020-05-31,2020,5
88,2020-06-01,112.0,2020-06-01,2020,6
89,2020-06-02,99.0,2020-06-02,2020,6
90,2020-06-03,131.0,2020-06-03,2020,6
91,2020-06-04,161.0,2020-06-04,2020,6
92,2020-06-05,97.0,2020-06-05,2020,6
93,2020-06-06,125.0,2020-06-06,2020,6
94,2020-06-07,111.0,2020-06-07,2020,6
95,2020-06-08,107.0,2020-06-08,2020,6
96,2020-06-09,133.0,2020-06-09,2020,6
97,2020-06-10,120.0,2020-06-10,2020,6
98,2020-06-11,123.0,2020-06-11,2020,6
99,2020-06-12,166.0,2020-06-12,2020,6
100,2020-06-13,139.0,2020-06-13,2020,6
101,2020-06-14,166.0,2020-06-14,2020,6
102,2020-06-15,122.0,2020-06-15,2020,6
103,2020-06-16,114.0,2020-06-16,2020,6
104,2020-06-17,105.0,2020-06-17,2020,6
105,2020-06-18,133.0,2020-06-18,2020,6
106,2020-06-19,232.0,2020-06-19,2020,6
107,2020-06-20,171.0,2020-06-20,2020,6
108,2020-06-21,117.0,2020-06-21,2020,6
109,2020-06-22,129.0,2020-06-22,2020,6
110,2020-06-23,100.0,2020-06-23,2020,6
111,2020-06-24,93.0,2020-06-24,2020,6
112,2020-06-25,113.0,2020-06-25,2020,6
113,2020-06-26,156.0,2020-06-26,2020,6
114,2020-06-27,149.0,2020-06-27,2020,6
115,2020-06-28,245.0,2020-06-28,2020,6
116,2020-06-29,147.0,2020-06-29,2020,6
117,2020-06-30,129.0,2020-06-30,2020,6
118,2020-07-01,149.0,2020-07-01,2020,7
119,2020-07-02,178.0,2020-07-02,2020,7
120,2020-07-03,182.0,2020-07-03,2020,7
121,2020-07-04,115.0,2020-07-04,2020,7
122,2020-07-05,86.0,2020-07-05,2020,7
123,2020-07-06,115.0,2020-07-06,2020,7
124,2020-07-07,61.0,2020-07-07,2020,7
125,2020-07-08,72.0,2020-07-08,2020,7
126,2020-07-09,92.0,2020-07-09,2020,7
127,2020-07-10,105.0,2020-07-10,2020,7
128,2020-07-11,82.0,2020-07-11,2020,7
129,2020-07-12,67.0,2020-07-12,2020,7
130,2020-07-13,119.0,2020-07-13,2020,7
131,2020-07-14,129.0,2020-07-14,2020,7
132,2020-07-15,145.0,2020-07-15,2020,7
133,2020-07-16,103.0,2020-07-16,2020,7
134,2020-07-17,108.0,2020-07-17,2020,7
135,2020-07-18,117.0,2020-07-18,2020,7
136,2020-07-19,71.0,2020-07-19,2020,7
137,2020-07-20,68.0,2020-07-20,2020,7
138,2020-07-21,90.0,2020-07-21,2020,7
139,2020-07-22,56.0,2020-07-22,2020,7
140,2020-07-23,105.0,2020-07-23,2020,7
141,2020-07-24,130.0,2020-07-24,2020,7
142,2020-07-25,110.0,2020-07-25,2020,7
143,2020-07-26,126.0,2020-07-26,2020,7
144,2020-07-27,109.0,2020-07-27,2020,7
145,2020-07-28,93.0,2020-07-28,2020,7
146,2020-07-29,115.0,2020-07-29,2020,7
147,2020-07-30,63.0,2020-07-30,2020,7
148,2020-07-31,109.0,2020-07-31,2020,7
149,2020-08-01,111.0,2020-08-01,2020,8
150,2020-08-02,83.0,2020-08-02,2020,8
151,2020-08-03,71.0,2020-08-03,2020,8
152,2020-08-04,86.0,2020-08-04,2020,8
153,2020-08-05,126.0,2020-08-05,2020,8
154,2020-08-06,70.0,2020-08-06,2020,8
155,2020-08-07,68.0,2020-08-07,2020,8
156,2020-08-08,121.0,2020-08-08,2020,8
157,2020-08-09,79.0,2020-08-09,2020,8
158,2020-08-10,103.0,2020-08-10,2020,8
159,2020-08-11,104.0,2020-08-11,2020,8
160,2020-08-12,73.0,2020-08-12,2020,8
161,2020-08-13,50.0,2020-08-13,2020,8
162,2020-08-14,85.0,2020-08-14,2020,8
163,2020-08-15,131.0,2020-08-15,2020,8
164,2020-08-16,111.0,2020-08-16,2020,8
165,2020-08-17,144.0,2020-08-17,2020,8
166,2020-08-18,120.0,2020-08-18,2020,8
167,2020-08-19,162.0,2020-08-19,2020,8
168,2020-08-20,306.0,2020-08-20,2020,8
169,2020-08-21,88.0,2020-08-21,2020,8
170,2020-08-22,68.0,2020-08-22,2020,8
171,2020-08-23,66.0,2020-08-23,2020,8
172,2020-08-24,70.0,2020-08-24,2020,8
173,2020-08-25,72.0,2020-08-25,2020,8
174,2020-08-26,85.0,2020-08-26,2020,8
175,2020-08-27,94.0,2020-08-27,2020,8
176,2020-08-28,122.0,2020-08-28,2020,8
177,2020-08-29,98.0,2020-08-29,2020,8
178,2020-08-30,72.0,2020-08-30,2020,8
179,2020-08-31,50.0,2020-08-31,2020,8
180,2020-09-01,69.0,2020-09-01,2020,9
181,2020-09-02,79.0,2020-09-02,2020,9
182,2020-09-03,114.0,2020-09-03,2020,9
183,2020-09-04,112.0,2020-09-04,2020,9
184,2020-09-05,93.0,2020-09-05,2020,9
185,2020-09-06,65.0,2020-09-06,2020,9
186,2020-09-07,140.0,2020-09-07,2020,9
187,2020-09-08,84.0,2020-09-08,2020,9
188,2020-09-09,172.0,2020-09-09,2020,9
189,2020-09-10,166.0,2020-09-10,2020,9
190,2020-09-11,223.0,2020-09-11,2020,9
191,2020-09-12,182.0,2020-09-12,2020,9
192,2020-09-13,181.0,2020-09-13,2020,9
193,2020-09-14,192.0,2020-09-14,2020,9
194,2020-09-15,170.0,2020-09-15,2020,9
195,2020-09-16,178.0,2020-09-16,2020,9
196,2020-09-17,122.0,2020-09-17,2020,9
197,2020-09-18,118.0,2020-09-18,2020,9
198,2020-09-19,120.0,2020-09-19,2020,9
199,2020-09-20,180.0,2020-09-20,2020,9
200,2020-09-21,199.0,2020-09-21,2020,9
201,2020-09-22,152.0,2020-09-22,2020,9
202,2020-09-23,104.0,2020-09-23,2020,9
203,2020-09-24,109.0,2020-09-24,2020,9
204,2020-09-25,168.0,2020-09-25,2020,9
205,2020-09-26,169.0,2020-09-26,2020,9
206,2020-09-27,128.0,2020-09-27,2020,9
207,2020-09-28,190.0,2020-09-28,2020,9
208,2020-09-29,180.0,2020-09-29,2020,9
209,2020-09-30,171.0,2020-09-30,2020,9
210,2020-10-01,181.0,2020-10-01,2020,10
211,2020-10-02,170.0,2020-10-02,2020,10
212,2020-10-03,169.0,2020-10-03,2020,10
213,2020-10-04,263.0,2020-10-04,2020,10
214,2020-10-05,206.0,2020-10-05,2020,10
215,2020-10-06,205.0,2020-10-06,2020,10
216,2020-10-07,223.0,2020-10-07,2020,10
217,2020-10-08,235.0,2020-10-08,2020,10
218,2020-10-09,309.0,2020-10-09,2020,10
219,2020-10-10,217.0,2020-10-10,2020,10
220,2020-10-11,221.0,2020-10-11,2020,10
221,2020-10-12,342.0,2020-10-12,2020,10
222,2020-10-13,335.0,2020-10-13,2020,10
223,2020-10-14,319.0,2020-10-14,2020,10
224,2020-10-15,310.0,2020-10-15,2020,10
225,2020-10-16,295.0,2020-10-16,2020,10
226,2020-10-17,379.0,2020-10-17,2020,10
227,2020-10-18,309.0,2020-10-18,2020,10
228,2020-10-19,305.0,2020-10-19,2020,10
229,2020-10-20,308.0,2020-10-20,2020,10
230,2020-10-21,341.0,2020-10-21,2020,10
231,2020-10-22,340.0,2020-10-22,2020,10
232,2020-10-23,402.0,2020-10-23,2020,10
233,2020-10-24,394.0,2020-10-24,2020,10
234,2020-10-25,434.0,2020-10-25,2020,10
235,2020-10-26,364.0,2020-10-26,2020,10
236,2020-10-27,368.0,2020-10-27,2020,10
237,2020-10-28,418.0,2020-10-28,2020,10
238,2020-10-29,526.0,2020-10-29,2020,10
239,2020-10-30,505.0,2020-10-30,2020,10
240,2020-10-31,455.0,2020-10-31,2020,10
241,2020-11-01,486.0,2020-11-01,2020,11
242,2020-11-02,416.0,2020-11-02,2020,11
243,2020-11-03,396.0,2020-11-03,2020,11
244,2020-11-04,531.0,2020-11-04,2020,11
245,2020-11-05,547.0,2020-11-05,2020,11
246,2020-11-06,586.0,2020-11-06,2020,11
247,2020-11-07,586.0,2020-11-07,2020,11
248,2020-11-08,586.0,2020-11-08,2020,11
249,2020-11-09,586.0,2020-11-09,2020,11
250,2020-11-10,586.0,2020-11-10,2020,11
251,2020-11-11,343.0,2020-11-11,2020,11
252,2020-11-12,419.0,2020-11-12,2020,11
253,2020-11-13,366.0,2020-11-13,2020,11
254,2020-11-14,460.0,2020-11-14,2020,11
255,2020-11-15,455.0,2020-11-15,2020,11
256,2020-11-16,248.0,2020-11-16,2020,11
257,2020-11-17,193.0,2020-11-17,2020,11
258,2020-11-18,142.0,2020-11-18,2020,11
259,2020-11-19,198.0,2020-11-19,2020,11
260,2020-11-20,287.0,2020-11-20,2020,11
261,2020-11-21,205.0,2020-11-21,2020,11
262,2020-11-22,239.0,2020-11-22,2020,11
263,2020-11-23,340.0,2020-11-23,2020,11
264,2020-11-24,279.0,2020-11-24,2020,11
265,2020-11-25,320.0,2020-11-25,2020,11
266,2020-11-26,178.0,2020-11-26,2020,11
267,2020-11-27,95.0,2020-11-27,2020,11
268,2020-11-28,180.0,2020-11-28,2020,11
269,2020-11-29,339.0,2020-11-29,2020,11
270,2020-11-30,323.0,2020-11-30,2020,11
271,2020-12-01,325.0,2020-12-01,2020,12
272,2020-12-02,320.0,2020-12-02,2020,12
273,2020-12-03,347.0,2020-12-03,2020,12
274,2020-12-04,310.0,2020-12-04,2020,12
275,2020-12-05,311.0,2020-12-05,2020,12
276,2020-12-06,316.0,2020-12-06,2020,12
277,2020-12-07,340.0,2020-12-07,2020,12
278,2020-12-08,338.0,2020-12-08,2020,12
279,2020-12-09,321.0,2020-12-09,2020,12
280,2020-12-10,261.0,2020-12-10,2020,12
281,2020-12-11,314.0,2020-12-11,2020,12
282,2020-12-12,305.0,2020-12-12,2020,12
283,2020-12-13,136.0,2020-12-13,2020,12
284,2020-12-14,87.0,2020-12-14,2020,12
285,2020-12-15,193.0,2020-12-15,2020,12
286,2020-12-16,221.0,2020-12-16,2020,12
287,2020-12-17,250.0,2020-12-17,2020,12
288,2020-12-18,175.0,2020-12-18,2020,12
289,2020-12-19,282.0,2020-12-19,2020,12
290,2020-12-20,302.0,2020-12-20,2020,12
291,2020-12-21,326.0,2020-12-21,2020,12
292,2020-12-22,422.0,2020-12-22,2020,12
293,2020-12-23,380.0,2020-12-23,2020,12
294,2020-12-24,383.0,2020-12-24,2020,12
295,2020-12-25,307.0,2020-12-25,2020,12
296,2020-12-26,384.0,2020-12-26,2020,12
297,2020-12-27,344.0,2020-12-27,2020,12
298,2020-12-28,197.0,2020-12-28,2020,12
299,2020-12-29,298.0,2020-12-29,2020,12
300,2020-12-30,249.0,2020-12-30,2020,12
301,2020-12-31,331.0,2020-12-31,2020,12
302,2021-01-01,402.0,2021-01-01,2021,1
303,2021-01-02,334.0,2021-01-02,2021,1
304,2021-01-03,224.0,2021-01-03,2021,1
305,2021-01-04,96.0,2021-01-04,2021,1
306,2021-01-05,84.0,2021-01-05,2021,1
307,2021-01-06,259.0,2021-01-06,2021,1
308,2021-01-07,151.0,2021-01-07,2021,1
309,2021-01-08,191.0,2021-01-08,2021,1
310,2021-01-09,208.0,2021-01-09,2021,1
311,2021-01-10,206.0,2021-01-10,2021,1
312,2021-01-11,153.0,2021-01-11,2021,1
313,2021-01-12,301.0,2021-01-12,2021,1
314,2021-01-13,366.0,2021-01-13,2021,1
315,2021-01-14,381.0,2021-01-14,2021,1
316,2021-01-15,465.0,2021-01-15,2021,1
317,2021-01-16,357.0,2021-01-16,2021,1
318,2021-01-17,357.0,2021-01-17,2021,1
319,2021-01-18,370.0,2021-01-18,2021,1
320,2021-01-19,392.0,2021-01-19,2021,1
321,2021-01-20,178.0,2021-01-20,2021,1
322,2021-01-21,320.0,2021-01-21,2021,1
323,2021-01-22,374.0,2021-01-22,2021,1
324,2021-01-23,307.0,2021-01-23,2021,1
325,2021-01-24,304.0,2021-01-24,2021,1
326,2021-01-25,326.0,2021-01-25,2021,1
327,2021-01-26,347.0,2021-01-26,2021,1
328,2021-01-27,352.0,2021-01-27,2021,1
329,2021-01-28,380.0,2021-01-28,2021,1
330,2021-01-29,360.0,2021-01-29,2021,1
331,2021-01-30,330.0,2021-01-30,2021,1
332,2021-01-31,370.0,2021-01-31,2021,1
333,2021-02-01,350.0,2021-02-01,2021,2
334,2021-02-02,437.0,2021-02-02,2021,2
335,2021-02-03,358.0,2021-02-03,2021,2
336,2021-02-04,335.0,2021-02-04,2021,2
337,2021-02-05,288.0,2021-02-05,2021,2
338,2021-02-06,251.0,2021-02-06,2021,2
339,2021-02-07,335.0,2021-02-07,2021,2
340,2021-02-08,488.0,2021-02-08,2021,2
341,2021-02-09,356.0,2021-02-09,2021,2
342,2021-02-10,310.0,2021-02-10,2021,2
343,2021-02-11,372.0,2021-02-11,2021,2
344,2021-02-12,409.0,2021-02-12,2021,2
345,2021-02-13,386.0,2021-02-13,2021,2
346,2021-02-14,417.0,2021-02-14,2021,2
347,2021-02-15,362.0,2021-02-15,2021,2
348,2021-02-16,367.0,2021-02-16,2021,2
349,2021-02-17,388.0,2021-02-17,2021,2
350,2021-02-18,392.0,2021-02-18,2021,2
351,2021-02-19,398.0,2021-02-19,2021,2
352,2021-02-20,328.0,2021-02-20,2021,2
353,2021-02-21,361.0,2021-02-21,2021,2
354,2021-02-22,353.0,2021-02-22,2021,2
355,2021-02-23,365.0,2021-02-23,2021,2
356,2021-02-24,327.0,2021-02-24,2021,2
357,2021-02-25,333.0,2021-02-25,2021,2
358,2021-02-26,286.0,2021-02-26,2021,2
359,2021-02-27,263.0,2021-02-27,2021,2
360,2021-02-28,310.0,2021-02-28,2021,2
361,2021-03-01,244.0,2021-03-01,2021,3
362,2021-03-02,274.0,2021-03-02,2021,3
363,2021-03-03,301.0,2021-03-03,2021,3
364,2021-03-04,321.0,2021-03-04,2021,3
365,2021-03-05,329.0,2021-03-05,2021,3
366,2021-03-06,274.0,2021-03-06,2021,3
367,2021-03-07,234.0,2021-03-07,2021,3
368,2021-03-08,228.0,2021-03-08,2021,3
369,2021-03-09,298.0,2021-03-09,2021,3
370,2021-03-10,221.0,2021-03-10,2021,3
371,2021-03-11,355.0,2021-03-11,2021,3
372,2021-03-12,347.0,2021-03-12,2021,3
373,2021-03-13,314.0,2021-03-13,2021,3
374,2021-03-14,263.0,2021-03-14,2021,3
375,2021-03-15,234.0,2021-03-15,2021,3
376,2021-03-16,308.0,2021-03-16,2021,3
377,2021-03-17,363.0,2021-03-17,2021,3
378,2021-03-18,451.0,2021-03-18,2021,3
379,2021-03-19,269.0,2021-03-19,2021,3
380,2021-03-20,293.0,2021-03-20,2021,3
381,2021-03-21,302.0,2021-03-21,2021,3
382,2021-03-22,187.0,2021-03-22,2021,3
383,2021-03-23,199.0,2021-03-23,2021,3
384,2021-03-24,142.0,2021-03-24,2021,3
385,2021-03-25,175.0,2021-03-25,2021,3
386,2021-03-26,218.0,2021-03-26,2021,3
387,2021-03-27,265.0,2021-03-27,2021,3
388,2021-03-28,315.0,2021-03-28,2021,3
389,2021-03-29,303.0,2021-03-29,2021,3
390,2021-03-30,383.0,2021-03-30,2021,3
391,2021-03-31,205.0,2021-03-31,2021,3
392,2021-04-01,204.0,2021-04-01,2021,4
393,2021-04-02,154.0,2021-04-02,2021,4
394,2021-04-03,160.0,2021-04-03,2021,4
395,2021-04-04,301.0,2021-04-04,2021,4
396,2021-04-05,323.0,2021-04-05,2021,4
397,2021-04-06,331.0,2021-04-06,2021,4
398,2021-04-07,324.0,2021-04-07,2021,4
399,2021-04-08,177.0,2021-04-08,2021,4
400,2021-04-09,203.0,2021-04-09,2021,4
401,2021-04-10,199.0,2021-04-10,2021,4
402,2021-04-11,229.0,2021-04-11,2021,4
403,2021-04-12,309.0,2021-04-12,2021,4
404,2021-04-13,251.0,2021-04-13,2021,4
405,2021-04-14,207.0,2021-04-14,2021,4
406,2021-04-15,244.0,2021-04-15,2021,4
407,2021-04-16,302.0,2021-04-16,2021,4
408,2021-04-17,107.0,2021-04-17,2021,4
409,2021-04-18,184.0,2021-04-18,2021,4
410,2021-04-19,281.0,2021-04-19,2021,4
411,2021-04-20,191.0,2021-04-20,2021,4
412,2021-04-21,109.0,2021-04-21,2021,4
413,2021-04-22,136.0,2021-04-22,2021,4
414,2021-04-23,170.0,2021-04-23,2021,4
415,2021-04-24,128.0,2021-04-24,2021,4
416,2021-04-25,302.0,2021-04-25,2021,4
417,2021-04-26,326.0,2021-04-26,2021,4
418,2021-04-27,396.0,2021-04-27,2021,4
419,2021-04-28,339.0,2021-04-28,2021,4
420,2021-04-29,375.0,2021-04-29,2021,4
421,2021-04-30,395.0,2021-04-30,2021,4
422,2021-05-01,190.0,2021-05-01,2021,5
423,2021-05-02,172.0,2021-05-02,2021,5
424,2021-05-03,315.0,2021-05-03,2021,5
425,2021-05-04,156.0,2021-05-04,2021,5
426,2021-05-05,187.0,2021-05-05,2021,5
427,2021-05-06,145.0,2021-05-06,2021,5
428,2021-05-07,105.0,2021-05-07,2021,5
429,2021-05-08,167.0,2021-05-08,2021,5
430,2021-05-09,146.0,2021-05-09,2021,5
431,2021-05-10,152.0,2021-05-10,2021,5
432,2021-05-11,192.0,2021-05-11,2021,5
433,2021-05-12,134.0,2021-05-12,2021,5
434,2021-05-13,107.0,2021-05-13,2021,5
435,2021-05-14,115.0,2021-05-14,2021,5
436,2021-05-15,173.0,2021-05-15,2021,5
437,2021-05-16,148.0,2021-05-16,2021,5
438,2021-05-17,229.0,2021-05-17,2021,5
439,2021-05-18,88.0,2021-05-18,2021,5
440,2021-05-19,89.0,2021-05-19,2021,5
441,2021-05-20,80.0,2021-05-20,2021,5
442,2021-05-21,83.0,2021-05-21,2021,5
443,2021-05-22,100.0,2021-05-22,2021,5
444,2021-05-23,312.0,2021-05-23,2021,5
445,2021-05-24,140.0,2021-05-24,2021,5
446,2021-05-25,150.0,2021-05-25,2021,5
447,2021-05-26,163.0,2021-05-26,2021,5
448,2021-05-27,166.0,2021-05-27,2021,5
449,2021-05-28,123.0,2021-05-28,2021,5
450,2021-05-29,135.0,2021-05-29,2021,5
451,2021-05-30,104.0,2021-05-30,2021,5
452,2021-05-31,144.0,2021-05-31,2021,5
453,2021-06-01,150.0,2021-06-01,2021,6
454,2021-06-02,151.0,2021-06-02,2021,6
455,2021-06-03,135.0,2021-06-03,2021,6
456,2021-06-04,159.0,2021-06-04,2021,6
457,2021-06-05,134.0,2021-06-05,2021,6
458,2021-06-06,145.0,2021-06-06,2021,6
459,2021-06-07,177.0,2021-06-07,2021,6
460,2021-06-08,245.0,2021-06-08,2021,6
461,2021-06-09,227.0,2021-06-09,2021,6
462,2021-06-10,241.0,2021-06-10,2021,6
463,2021-06-11,188.0,2021-06-11,2021,6
464,2021-06-12,130.0,2021-06-12,2021,6
465,2021-06-13,101.0,2021-06-13,2021,6
466,2021-06-14,107.0,2021-06-14,2021,6
467,2021-06-15,97.0,2021-06-15,2021,6
468,2021-06-16,78.0,2021-06-16,2021,6
469,2021-06-17,84.0,2021-06-17,2021,6
470,2021-06-18,79.0,2021-06-18,2021,6
471,2021-06-19,73.0,2021-06-19,2021,6
472,2021-06-20,62.0,2021-06-20,2021,6
473,2021-06-21,94.0,2021-06-21,2021,6
474,2021-06-22,152.0,2021-06-22,2021,6
475,2021-06-23,275.0,2021-06-23,2021,6
476,2021-06-24,164.0,2021-06-24,2021,6
477,2021-06-25,165.0,2021-06-25,2021,6
478,2021-06-26,152.0,2021-06-26,2021,6
479,2021-06-27,225.0,2021-06-27,2021,6
480,2021-06-28,211.0,2021-06-28,2021,6
481,2021-06-29,257.0,2021-06-29,2021,6
482,2021-06-30,228.0,2021-06-30,2021,6
483,2021-07-01,144.0,2021-07-01,2021,7
484,2021-07-02,137.0,2021-07-02,2021,7
485,2021-07-03,111.0,2021-07-03,2021,7
486,2021-07-04,116.0,2021-07-04,2021,7
487,2021-07-05,121.0,2021-07-05,2021,7
488,2021-07-06,127.0,2021-07-06,2021,7
489,2021-07-07,117.0,2021-07-07,2021,7
490,2021-07-08,126.0,2021-07-08,2021,7
491,2021-07-09,125.0,2021-07-09,2021,7
492,2021-07-10,126.0,2021-07-10,2021,7
493,2021-07-11,158.0,2021-07-11,2021,7
494,2021-07-12,111.0,2021-07-12,2021,7
495,2021-07-13,74.0,2021-07-13,2021,7
496,2021-07-14,82.0,2021-07-14,2021,7
497,2021-07-15,122.0,2021-07-15,2021,7
498,2021-07-16,96.0,2021-07-16,2021,7
499,2021-07-17,159.0,2021-07-17,2021,7
500,2021-07-18,87.0,2021-07-18,2021,7
501,2021-07-19,49.0,2021-07-19,2021,7
502,2021-07-20,105.0,2021-07-20,2021,7
503,2021-07-21,84.0,2021-07-21,2021,7
504,2021-07-22,80.0,2021-07-22,2021,7
505,2021-07-23,99.0,2021-07-23,2021,7
506,2021-07-24,159.0,2021-07-24,2021,7
507,2021-07-25,131.0,2021-07-25,2021,7
508,2021-07-26,173.0,2021-07-26,2021,7
509,2021-07-27,91.0,2021-07-27,2021,7
510,2021-07-28,60.0,2021-07-28,2021,7
511,2021-07-29,77.0,2021-07-29,2021,7
512,2021-07-30,88.0,2021-07-30,2021,7
513,2021-07-31,106.0,2021-07-31,2021,7
514,2021-08-01,123.0,2021-08-01,2021,8
515,2021-08-02,162.0,2021-08-02,2021,8
516,2021-08-03,77.0,2021-08-03,2021,8
517,2021-08-04,71.0,2021-08-04,2021,8
518,2021-08-05,113.0,2021-08-05,2021,8
519,2021-08-06,119.0,2021-08-06,2021,8
520,2021-08-07,153.0,2021-08-07,2021,8
521,2021-08-08,102.0,2021-08-08,2021,8
522,2021-08-09,101.0,2021-08-09,2021,8
523,2021-08-10,102.0,2021-08-10,2021,8
524,2021-08-11,78.0,2021-08-11,2021,8
525,2021-08-12,76.0,2021-08-12,2021,8
526,2021-08-13,90.0,2021-08-13,2021,8
527,2021-08-14,82.0,2021-08-14,2021,8
528,2021-08-15,88.0,2021-08-15,2021,8
529,2021-08-16,102.0,2021-08-16,2021,8
530,2021-08-17,119.0,2021-08-17,2021,8
531,2021-08-18,169.0,2021-08-18,2021,8
532,2021-08-19,294.0,2021-08-19,2021,8
533,2021-08-20,165.0,2021-08-20,2021,8
534,2021-08-21,56.0,2021-08-21,2021,8
535,2021-08-22,73.0,2021-08-22,2021,8
536,2021-08-23,70.0,2021-08-23,2021,8
537,2021-08-24,110.0,2021-08-24,2021,8
538,2021-08-25,123.0,2021-08-25,2021,8
539,2021-08-26,128.0,2021-08-26,2021,8
540,2021-08-27,159.0,2021-08-27,2021,8
541,2021-08-28,164.0,2021-08-28,2021,8
542,2021-08-29,169.0,2021-08-29,2021,8
543,2021-08-30,77.0,2021-08-30,2021,8
544,2021-08-31,66.0,2021-08-31,2021,8
545,2021-09-01,53.0,2021-09-01,2021,9
546,2021-09-02,84.0,2021-09-02,2021,9
547,2021-09-03,77.0,2021-09-03,2021,9
548,2021-09-04,74.0,2021-09-04,2021,9
549,2021-09-05,101.0,2021-09-05,2021,9
550,2021-09-06,112.0,2021-09-06,2021,9
551,2021-09-07,136.0,2021-09-07,2021,9
552,2021-09-08,69.0,2021-09-08,2021,9
553,2021-09-09,85.0,2021-09-09,2021,9
554,2021-09-10,102.0,2021-09-10,2021,9
555,2021-09-11,56.0,2021-09-11,2021,9
556,2021-09-12,72.0,2021-09-12,2021,9
557,2021-09-13,139.0,2021-09-13,2021,9
558,2021-09-14,82.0,2021-09-14,2021,9
559,2021-09-15,88.0,2021-09-15,2021,9
560,2021-09-16,80.0,2021-09-16,2021,9
561,2021-09-17,63.0,2021-09-17,2021,9
562,2021-09-18,75.0,2021-09-18,2021,9
563,2021-09-19,87.0,2021-09-19,2021,9
564,2021-09-20,84.0,2021-09-20,2021,9
565,2021-09-21,94.0,2021-09-21,2021,9
566,2021-09-22,72.0,2021-09-22,2021,9
567,2021-09-23,75.0,2021-09-23,2021,9
568,2021-09-24,71.0,2021-09-24,2021,9
569,2021-09-25,106.0,2021-09-25,2021,9
570,2021-09-26,95.0,2021-09-26,2021,9
571,2021-09-27,162.0,2021-09-27,2021,9
572,2021-09-28,121.0,2021-09-28,2021,9
573,2021-09-29,92.0,2021-09-29,2021,9
574,2021-09-30,102.0,2021-09-30,2021,9
575,2021-10-01,152.0,2021-10-01,2021,10
576,2021-10-02,126.0,2021-10-02,2021,10
577,2021-10-03,110.0,2021-10-03,2021,10
578,2021-10-04,120.0,2021-10-04,2021,10
579,2021-10-05,126.0,2021-10-05,2021,10
580,2021-10-06,116.0,2021-10-06,2021,10
581,2021-10-07,220.0,2021-10-07,2021,10
582,2021-10-08,234.0,2021-10-08,2021,10
583,2021-10-09,314.0,2021-10-09,2021,10
584,2021-10-10,261.0,2021-10-10,2021,10
585,2021-10-11,275.0,2021-10-11,2021,10
586,2021-10-12,240.0,2021-10-12,2021,10
587,2021-10-13,207.0,2021-10-13,2021,10
588,2021-10-14,210.0,2021-10-14,2021,10
589,2021-10-15,337.0,2021-10-15,2021,10
590,2021-10-16,348.0,2021-10-16,2021,10
591,2021-10-17,312.0,2021-10-17,2021,10
592,2021-10-18,41.0,2021-10-18,2021,10
593,2021-10-19,142.0,2021-10-19,2021,10
594,2021-10-20,277.0,2021-10-20,2021,10
595,2021-10-21,276.0,2021-10-21,2021,10
596,2021-10-22,206.0,2021-10-22,2021,10
597,2021-10-23,152.0,2021-10-23,2021,10
598,2021-10-24,116.0,2021-10-24,2021,10
599,2021-10-25,70.0,2021-10-25,2021,10
600,2021-10-26,184.0,2021-10-26,2021,10
601,2021-10-27,187.0,2021-10-27,2021,10
602,2021-10-28,303.0,2021-10-28,2021,10
603,2021-10-29,311.0,2021-10-29,2021,10
604,2021-10-30,303.0,2021-10-30,2021,10
605,2021-10-31,309.0,2021-10-31,2021,10
606,2021-11-01,263.0,2021-11-01,2021,11
607,2021-11-02,342.0,2021-11-02,2021,11
608,2021-11-03,362.0,2021-11-03,2021,11
609,2021-11-04,549.0,2021-11-04,2021,11
610,2021-11-05,586.0,2021-11-05,2021,11
611,2021-11-06,546.0,2021-11-06,2021,11
612,2021-11-07,370.0,2021-11-07,2021,11
613,2021-11-08,361.0,2021-11-08,2021,11
614,2021-11-09,352.0,2021-11-09,2021,11
615,2021-11-10,379.0,2021-11-10,2021,11
616,2021-11-11,455.0,2021-11-11,2021,11
617,2021-11-12,567.0,2021-11-12,2021,11
618,2021-11-13,409.0,2021-11-13,2021,11
619,2021-11-14,339.0,2021-11-14,2021,11
620,2021-11-15,366.0,2021-11-15,2021,11
621,2021-11-16,361.0,2021-11-16,2021,11
622,2021-11-17,386.0,2021-11-17,2021,11
623,2021-11-18,336.0,2021-11-18,2021,11
624,2021-11-19,358.0,2021-11-19,2021,11
625,2021-11-20,363.0,2021-11-20,2021,11
626,2021-11-21,339.0,2021-11-21,2021,11
627,2021-11-22,320.0,2021-11-22,2021,11
628,2021-11-23,386.0,2021-11-23,2021,11
629,2021-11-24,538.0,2021-11-24,2021,11
630,2021-11-25,395.0,2021-11-25,2021,11
631,2021-11-26,415.0,2021-11-26,2021,11
632,2021-11-27,343.0,2021-11-27,2021,11
633,2021-11-28,398.0,2021-11-28,2021,11
634,2021-11-29,390.0,2021-11-29,2021,11
635,2021-11-30,369.0,2021-11-30,2021,11
636,2021-12-01,366.0,2021-12-01,2021,12
637,2021-12-02,363.0,2021-12-02,2021,12
638,2021-12-03,340.0,2021-12-03,2021,12
639,2021-12-04,413.0,2021-12-04,2021,12
640,2021-12-05,312.0,2021-12-05,2021,12
641,2021-12-06,303.0,2021-12-06,2021,12
642,2021-12-07,198.0,2021-12-07,2021,12
643,2021-12-08,295.0,2021-12-08,2021,12
644,2021-12-09,302.0,2021-12-09,2021,12
645,2021-12-10,324.0,2021-12-10,2021,12
646,2021-12-11,307.0,2021-12-11,2021,12
647,2021-12-12,322.0,2021-12-12,2021,12
648,2021-12-13,354.0,2021-12-13,2021,12
649,2021-12-14,382.0,2021-12-14,2021,12
650,2021-12-15,340.0,2021-12-15,2021,12
651,2021-12-16,317.0,2021-12-16,2021,12
652,2021-12-17,311.0,2021-12-17,2021,12
653,2021-12-18,308.0,2021-12-18,2021,12
654,2021-12-19,307.0,2021-12-19,2021,12
655,2021-12-20,352.0,2021-12-20,2021,12
656,2021-12-21,390.0,2021-12-21,2021,12
657,2021-12-22,425.0,2021-12-22,2021,12
658,2021-12-23,350.0,2021-12-23,2021,12
659,2021-12-24,346.0,2021-12-24,2021,12
660,2021-12-25,372.0,2021-12-25,2021,12
661,2021-12-26,368.0,2021-12-26,2021,12
662,2021-12-27,321.0,2021-12-27,2021,12
663,2021-12-28,323.0,2021-12-28,2021,12
664,2021-12-29,322.0,2021-12-29,2021,12
665,2021-12-30,360.0,2021-12-30,2021,12
666,2021-12-31,379.0,2021-12-31,2021,12
667,2022-01-01,429.0,2022-01-01,2022,1
668,2022-01-02,437.0,2022-01-02,2022,1
669,2022-01-03,361.0,2022-01-03,2022,1
670,2022-01-04,372.0,2022-01-04,2022,1
671,2022-01-05,333.0,2022-01-05,2022,1
672,2022-01-06,197.0,2022-01-06,2022,1
673,2022-01-07,164.0,2022-01-07,2022,1
674,2022-01-08,51.0,2022-01-08,2022,1
675,2022-01-09,99.0,2022-01-09,2022,1
676,2022-01-10,241.0,2022-01-10,2022,1
677,2022-01-11,273.0,2022-01-11,2022,1
678,2022-01-12,315.0,2022-01-12,2022,1
679,2022-01-13,509.0,2022-01-13,2022,1
680,2022-01-14,424.0,2022-01-14,2022,1
681,2022-01-15,166.0,2022-01-15,2022,1
682,2022-01-16,213.0,2022-01-16,2022,1
683,2022-01-17,303.0,2022-01-17,2022,1
684,2022-01-18,350.0,2022-01-18,2022,1
685,2022-01-19,357.0,2022-01-19,2022,1
686,2022-01-20,354.0,2022-01-20,2022,1
687,2022-01-21,344.0,2022-01-21,2022,1
688,2022-01-22,325.0,2022-01-22,2022,1
689,2022-01-23,252.0,2022-01-23,2022,1
690,2022-01-24,242.0,2022-01-24,2022,1
691,2022-01-25,333.0,2022-01-25,2022,1
692,2022-01-26,313.0,2022-01-26,2022,1
693,2022-01-27,261.0,2022-01-27,2022,1
694,2022-01-28,251.0,2022-01-28,2022,1
695,2022-01-29,325.0,2022-01-29,2022,1
696,2022-01-30,326.0,2022-01-30,2022,1
697,2022-01-31,379.0,2022-01-31,2022,1
698,2022-02-01,351.0,2022-02-01,2022,2
699,2022-02-02,351.0,2022-02-02,2022,2
700,2022-02-03,376.0,2022-02-03,2022,2
701,2022-02-04,209.0,2022-02-04,2022,2
702,2022-02-05,328.0,2022-02-05,2022,2
703,2022-02-06,346.0,2022-02-06,2022,2
704,2022-02-07,327.0,2022-02-07,2022,2
705,2022-02-08,319.0,2022-02-08,2022,2
706,2022-02-09,266.0,2022-02-09,2022,2
707,2022-02-10,187.0,2022-02-10,2022,2
708,2022-02-11,191.0,2022-02-11,2022,2
709,2022-02-12,216.0,2022-02-12,2022,2
710,2022-02-13,320.0,2022-02-13,2022,2
711,2022-02-14,279.0,2022-02-14,2022,2
712,2022-02-15,302.0,2022-02-15,2022,2
713,2022-02-16,320.0,2022-02-16,2022,2
714,2022-02-17,336.0,2022-02-17,2022,2
715,2022-02-18,306.0,2022-02-18,2022,2
716,2022-02-19,177.0,2022-02-19,2022,2
717,2022-02-20,221.0,2022-02-20,2022,2
718,2022-02-21,214.0,2022-02-21,2022,2
719,2022-02-22,239.0,2022-02-22,2022,2
720,2022-02-23,328.0,2022-02-23,2022,2
721,2022-02-24,336.0,2022-02-24,2022,2
722,2022-02-25,305.0,2022-02-25,2022,2
723,2022-02-26,72.0,2022-02-26,2022,2
724,2022-02-27,83.0,2022-02-27,2022,2
725,2022-02-28,111.0,2022-02-28,2022,2
726,2022-03-01,244.0,2022-03-01,2022,3
727,2022-03-02,310.0,2022-03-02,2022,3
728,2022-03-03,211.0,2022-03-03,2022,3
729,2022-03-04,204.0,2022-03-04,2022,3
730,2022-03-05,101.0,2022-03-05,2022,3
731,2022-03-06,195.0,2022-03-06,2022,3
732,2022-03-07,263.0,2022-03-07,2022,3
733,2022-03-08,313.0,2022-03-08,2022,3
734,2022-03-09,147.0,2022-03-09,2022,3
735,2022-03-10,137.0,2022-03-10,2022,3
736,2022-03-11,211.0,2022-03-11,2022,3
737,2022-03-12,227.0,2022-03-12,2022,3
738,2022-03-13,288.0,2022-03-13,2022,3
739,2022-03-14,349.0,2022-03-14,2022,3
740,2022-03-15,237.0,2022-03-15,2022,3
741,2022-03-16,192.0,2022-03-16,2022,3
742,2022-03-17,200.0,2022-03-17,2022,3
743,2022-03-18,302.0,2022-03-18,2022,3
744,2022-03-19,235.0,2022-03-19,2022,3
745,2022-03-20,299.0,2022-03-20,2022,3
746,2022-03-21,193.0,2022-03-21,2022,3
747,2022-03-22,146.0,2022-03-22,2022,3
748,2022-03-23,212.0,2022-03-23,2022,3
749,2022-03-24,270.0,2022-03-24,2022,3
750,2022-03-25,197.0,2022-03-25,2022,3
751,2022-03-26,239.0,2022-03-26,2022,3
752,2022-03-27,302.0,2022-03-27,2022,3
753,2022-03-28,365.0,2022-03-28,2022,3
754,2022-03-29,384.0,2022-03-29,2022,3
755,2022-03-30,340.0,2022-03-30,2022,3
756,2022-03-31,339.0,2022-03-31,2022,3
757,2022-04-01,221.0,2022-04-01,2022,4
758,2022-04-02,319.0,2022-04-02,2022,4
759,2022-04-03,339.0,2022-04-03,2022,4
760,2022-04-04,303.0,2022-04-04,2022,4
761,2022-04-05,237.0,2022-04-05,2022,4
762,2022-04-06,312.0,2022-04-06,2022,4
763,2022-04-07,330.0,2022-04-07,2022,4
764,2022-04-08,374.0,2022-04-08,2022,4
765,2022-04-09,329.0,2022-04-09,2022,4
766,2022-04-10,148.0,2022-04-10,2022,4
767,2022-04-11,283.0,2022-04-11,2022,4
768,2022-04-12,225.0,2022-04-12,2022,4
769,2022-04-13,304.0,2022-04-13,2022,4
770,2022-04-14,263.0,2022-04-14,2022,4
771,2022-04-15,248.0,2022-04-15,2022,4
772,2022-04-16,312.0,2022-04-16,2022,4
773,2022-04-17,338.0,2022-04-17,2022,4
774,2022-04-18,333.0,2022-04-18,2022,4
775,2022-04-19,441.0,2022-04-19,2022,4
776,2022-04-20,300.0,2022-04-20,2022,4
777,2022-04-21,314.0,2022-04-21,2022,4
778,2022-04-22,169.0,2022-04-22,2022,4
779,2022-04-23,308.0,2022-04-23,2022,4
780,2022-04-24,342.0,2022-04-24,2022,4
781,2022-04-25,310.0,2022-04-25,2022,4
782,2022-04-26,253.0,2022-04-26,2022,4
783,2022-04-27,469.0,2022-04-27,2022,4
784,2022-04-28,390.0,2022-04-28,2022,4
785,2022-04-29,252.0,2022-04-29,2022,4
786,2022-04-30,293.0,2022-04-30,2022,4
787,2022-05-01,335.0,2022-05-01,2022,5
788,2022-05-02,267.0,2022-05-02,2022,5
789,2022-05-03,463.0,2022-05-03,2022,5
790,2022-05-04,239.0,2022-05-04,2022,5
791,2022-05-05,150.0,2022-05-05,2022,5
792,2022-05-06,311.0,2022-05-06,2022,5
793,2022-05-07,186.0,2022-05-07,2022,5
794,2022-05-08,211.0,2022-05-08,2022,5
795,2022-05-09,176.0,2022-05-09,2022,5
796,2022-05-10,150.0,2022-05-10,2022,5
797,2022-05-11,139.0,2022-05-11,2022,5
798,2022-05-12,150.0,2022-05-12,2022,5
799,2022-05-13,225.0,2022-05-13,2022,5
800,2022-05-14,339.0,2022-05-14,2022,5
801,2022-05-15,247.0,2022-05-15,2022,5
802,2022-05-16,319.0,2022-05-16,2022,5
803,2022-05-17,233.0,2022-05-17,2022,5
804,2022-05-18,209.0,2022-05-18,2022,5
805,2022-05-19,205.0,2022-05-19,2022,5
806,2022-05-20,249.0,2022-05-20,2022,5
807,2022-05-21,230.0,2022-05-21,2022,5
808,2022-05-22,137.0,2022-05-22,2022,5
809,2022-05-23,104.0,2022-05-23,2022,5
810,2022-05-24,102.0,2022-05-24,2022,5
811,2022-05-25,210.0,2022-05-25,2022,5
812,2022-05-26,243.0,2022-05-26,2022,5
813,2022-05-27,284.0,2022-05-27,2022,5
814,2022-05-28,191.0,2022-05-28,2022,5
815,2022-05-29,181.0,2022-05-29,2022,5
816,2022-05-30,137.0,2022-05-30,2022,5
817,2022-05-31,216.0,2022-05-31,2022,5
818,2022-06-01,216.0,2022-06-01,2022,6
819,2022-06-02,292.0,2022-06-02,2022,6
820,2022-06-03,330.0,2022-06-03,2022,6
821,2022-06-04,293.0,2022-06-04,2022,6
822,2022-06-05,255.0,2022-06-05,2022,6
823,2022-06-06,257.0,2022-06-06,2022,6
824,2022-06-07,521.0,2022-06-07,2022,6
825,2022-06-08,348.0,2022-06-08,2022,6
826,2022-06-09,295.0,2022-06-09,2022,6
827,2022-06-10,349.0,2022-06-10,2022,6
828,2022-06-11,264.0,2022-06-11,2022,6
829,2022-06-12,260.0,2022-06-12,2022,6
830,2022-06-13,186.0,2022-06-13,2022,6
831,2022-06-14,183.0,2022-06-14,2022,6
832,2022-06-15,125.0,2022-06-15,2022,6
833,2022-06-16,143.0,2022-06-16,2022,6
834,2022-06-17,102.0,2022-06-17,2022,6
835,2022-06-18,117.0,2022-06-18,2022,6
836,2022-06-19,93.0,2022-06-19,2022,6
837,2022-06-20,133.0,2022-06-20,2022,6
838,2022-06-21,186.0,2022-06-21,2022,6
839,2022-06-22,145.0,2022-06-22,2022,6
840,2022-06-23,177.0,2022-06-23,2022,6
841,2022-06-24,249.0,2022-06-24,2022,6
842,2022-06-25,255.0,2022-06-25,2022,6
843,2022-06-26,202.0,2022-06-26,2022,6
844,2022-06-27,174.0,2022-06-27,2022,6
845,2022-06-28,258.0,2022-06-28,2022,6
846,2022-06-29,188.0,2022-06-29,2022,6
847,2022-06-30,102.0,2022-06-30,2022,6
848,2022-07-01,172.0,2022-07-01,2022,7
849,2022-07-02,142.0,2022-07-02,2022,7
850,2022-07-03,75.0,2022-07-03,2022,7
851,2022-07-04,98.0,2022-07-04,2022,7
852,2022-07-05,231.0,2022-07-05,2022,7
853,2022-07-06,166.0,2022-07-06,2022,7
854,2022-07-07,108.0,2022-07-07,2022,7
855,2022-07-08,100.0,2022-07-08,2022,7
856,2022-07-09,123.0,2022-07-09,2022,7
857,2022-07-10,71.0,2022-07-10,2022,7
858,2022-07-11,85.0,2022-07-11,2022,7
859,2022-07-12,116.0,2022-07-12,2022,7
860,2022-07-13,99.0,2022-07-13,2022,7
861,2022-07-14,96.0,2022-07-14,2022,7
862,2022-07-15,83.0,2022-07-15,2022,7
863,2022-07-16,63.0,2022-07-16,2022,7
864,2022-07-17,84.0,2022-07-17,2022,7
865,2022-07-18,108.0,2022-07-18,2022,7
866,2022-07-19,104.0,2022-07-19,2022,7
867,2022-07-20,102.0,2022-07-20,2022,7
868,2022-07-21,69.0,2022-07-21,2022,7
869,2022-07-22,300.0,2022-07-22,2022,7
870,2022-07-23,145.0,2022-07-23,2022,7
871,2022-07-24,73.0,2022-07-24,2022,7
872,2022-07-25,60.0,2022-07-25,2022,7
873,2022-07-26,56.0,2022-07-26,2022,7
874,2022-07-27,43.0,2022-07-27,2022,7
875,2022-07-28,71.0,2022-07-28,2022,7
876,2022-07-29,44.0,2022-07-29,2022,7
877,2022-07-30,79.0,2022-07-30,2022,7
878,2022-07-31,55.0,2022-07-31,2022,7
879,2022-08-01,44.0,2022-08-01,2022,8
880,2022-08-02,68.0,2022-08-02,2022,8
881,2022-08-03,87.0,2022-08-03,2022,8
882,2022-08-04,90.0,2022-08-04,2022,8
883,2022-08-05,126.0,2022-08-05,2022,8
884,2022-08-06,227.0,2022-08-06,2022,8
885,2022-08-07,79.0,2022-08-07,2022,8
886,2022-08-08,73.0,2022-08-08,2022,8
887,2022-08-09,90.0,2022-08-09,2022,8
888,2022-08-10,72.0,2022-08-10,2022,8
889,2022-08-11,76.0,2022-08-11,2022,8
890,2022-08-12,82.0,2022-08-12,2022,8
891,2022-08-13,78.0,2022-08-13,2022,8
892,2022-08-14,79.0,2022-08-14,2022,8
893,2022-08-15,62.0,2022-08-15,2022,8
894,2022-08-16,43.0,2022-08-16,2022,8
895,2022-08-17,41.0,2022-08-17,2022,8
896,2022-08-18,50.0,2022-08-18,2022,8
897,2022-08-19,50.0,2022-08-19,2022,8
898,2022-08-20,61.0,2022-08-20,2022,8
899,2022-08-21,114.0,2022-08-21,2022,8
900,2022-08-22,128.0,2022-08-22,2022,8
901,2022-08-23,81.0,2022-08-23,2022,8
902,2022-08-24,76.0,2022-08-24,2022,8
903,2022-08-25,98.0,2022-08-25,2022,8
904,2022-08-26,106.0,2022-08-26,2022,8
905,2022-08-27,113.0,2022-08-27,2022,8
906,2022-08-28,140.0,2022-08-28,2022,8
907,2022-08-29,148.0,2022-08-29,2022,8
908,2022-08-30,141.0,2022-08-30,2022,8
909,2022-08-31,145.0,2022-08-31,2022,8
910,2022-09-01,124.0,2022-09-01,2022,9
911,2022-09-02,130.0,2022-09-02,2022,9
912,2022-09-03,114.0,2022-09-03,2022,9
913,2022-09-04,95.0,2022-09-04,2022,9
914,2022-09-05,103.0,2022-09-05,2022,9
915,2022-09-06,149.0,2022-09-06,2022,9
916,2022-09-07,151.0,2022-09-07,2022,9
917,2022-09-08,184.0,2022-09-08,2022,9
918,2022-09-09,215.0,2022-09-09,2022,9
919,2022-09-10,229.0,2022-09-10,2022,9
920,2022-09-11,166.0,2022-09-11,2022,9
921,2022-09-12,208.0,2022-09-12,2022,9
922,2022-09-13,93.0,2022-09-13,2022,9
923,2022-09-14,84.0,2022-09-14,2022,9
924,2022-09-15,70.0,2022-09-15,2022,9
925,2022-09-16,62.0,2022-09-16,2022,9
926,2022-09-17,92.0,2022-09-17,2022,9
927,2022-09-18,120.0,2022-09-18,2022,9
928,2022-09-19,200.0,2022-09-19,2022,9
929,2022-09-20,132.0,2022-09-20,2022,9
930,2022-09-21,115.0,2022-09-21,2022,9
931,2022-09-22,98.0,2022-09-22,2022,9
932,2022-09-23,82.0,2022-09-23,2022,9
933,2022-09-24,54.0,2022-09-24,2022,9
934,2022-09-25,64.0,2022-09-25,2022,9
935,2022-09-26,227.0,2022-09-26,2022,9
936,2022-09-27,222.0,2022-09-27,2022,9
937,2022-09-28,312.0,2022-09-28,2022,9
938,2022-09-29,321.0,2022-09-29,2022,9
939,2022-09-30,204.0,2022-09-30,2022,9
940,2022-10-01,259.0,2022-10-01,2022,10
941,2022-10-02,113.0,2022-10-02,2022,10
942,2022-10-03,139.0,2022-10-03,2022,10
943,2022-10-04,230.0,2022-10-04,2022,10
944,2022-10-05,301.0,2022-10-05,2022,10
945,2022-10-06,53.0,2022-10-06,2022,10
946,2022-10-07,37.0,2022-10-07,2022,10
947,2022-10-08,31.0,2022-10-08,2022,10
948,2022-10-09,32.0,2022-10-09,2022,10
949,2022-10-10,34.0,2022-10-10,2022,10
950,2022-10-11,90.0,2022-10-11,2022,10
951,2022-10-12,162.0,2022-10-12,2022,10
952,2022-10-13,172.0,2022-10-13,2022,10
953,2022-10-14,247.0,2022-10-14,2022,10
954,2022-10-15,321.0,2022-10-15,2022,10
955,2022-10-16,339.0,2022-10-16,2022,10
956,2022-10-17,355.0,2022-10-17,2022,10
957,2022-10-18,402.0,2022-10-18,2022,10
958,2022-10-19,332.0,2022-10-19,2022,10
959,2022-10-20,336.0,2022-10-20,2022,10
960,2022-10-21,395.0,2022-10-21,2022,10
961,2022-10-22,338.0,2022-10-22,2022,10
962,2022-10-23,338.0,2022-10-23,2022,10
963,2022-10-24,342.0,2022-10-24,2022,10
964,2022-10-25,350.0,2022-10-25,2022,10
965,2022-10-26,349.0,2022-10-26,2022,10
966,2022-10-27,368.0,2022-10-27,2022,10
967,2022-10-28,375.0,2022-10-28,2022,10
968,2022-10-29,501.0,2022-10-29,2022,10
969,2022-10-30,402.0,2022-10-30,2022,10
970,2022-10-31,490.0,2022-10-31,2022,10
971,2022-11-01,379.0,2022-11-01,2022,11
972,2022-11-02,360.0,2022-11-02,2022,11
973,2022-11-03,564.0,2022-11-03,2022,11
974,2022-11-04,370.0,2022-11-04,2022,11
975,2022-11-05,339.0,2022-11-05,2022,11
976,2022-11-06,316.0,2022-11-06,2022,11
977,2022-11-07,329.0,2022-11-07,2022,11
978,2022-11-08,328.0,2022-11-08,2022,11
979,2022-11-09,269.0,2022-11-09,2022,11
980,2022-11-10,327.0,2022-11-10,2022,11
981,2022-11-11,498.0,2022-11-11,2022,11
982,2022-11-12,313.0,2022-11-12,2022,11
983,2022-11-13,361.0,2022-11-13,2022,11
984,2022-11-14,308.0,2022-11-14,2022,11
985,2022-11-15,322.0,2022-11-15,2022,11
986,2022-11-16,249.0,2022-11-16,2022,11
987,2022-11-17,304.0,2022-11-17,2022,11
988,2022-11-18,354.0,2022-11-18,2022,11
989,2022-11-19,323.0,2022-11-19,2022,11
990,2022-11-20,299.0,2022-11-20,2022,11
991,2022-11-21,256.0,2022-11-21,2022,11
992,2022-11-22,288.0,2022-11-22,2022,11
993,2022-11-23,301.0,2022-11-23,2022,11
994,2022-11-24,363.0,2022-11-24,2022,11
995,2022-11-25,338.0,2022-11-25,2022,11
996,2022-11-26,324.0,2022-11-26,2022,11
997,2022-11-27,373.0,2022-11-27,2022,11
998,2022-11-28,305.0,2022-11-28,2022,11
999,2022-11-29,401.0,2022-11-29,2022,11
1000,2022-11-30,393.0,2022-11-30,2022,11
1001,2022-12-01,324.0,2022-12-01,2022,12
1002,2022-12-02,360.0,2022-12-02,2022,12
1003,2022-12-03,320.0,2022-12-03,2022,12
1004,2022-12-04,317.0,2022-12-04,2022,12
1005,2022-12-05,315.0,2022-12-05,2022,12
1006,2022-12-06,197.0,2022-12-06,2022,12
1007,2022-12-07,161.0,2022-12-07,2022,12
1008,2022-12-08,251.0,2022-12-08,2022,12
1009,2022-12-09,349.0,2022-12-09,2022,12
1010,2022-12-10,333.0,2022-12-10,2022,12
1011,2022-12-11,163.0,2022-12-11,2022,12
1012,2022-12-12,218.0,2022-12-12,2022,12
1013,2022-12-13,233.0,2022-12-13,2022,12
1014,2022-12-14,189.0,2022-12-14,2022,12
1015,2022-12-15,240.0,2022-12-15,2022,12
1016,2022-12-16,365.0,2022-12-16,2022,12
1017,2022-12-17,405.0,2022-12-17,2022,12
1018,2022-12-18,443.0,2022-12-18,2022,12
1019,2022-12-19,380.0,2022-12-19,2022,12
1020,2022-12-20,343.0,2022-12-20,2022,12
1021,2022-12-21,335.0,2022-12-21,2022,12
1022,2022-12-22,312.0,2022-12-22,2022,12
1023,2022-12-23,363.0,2022-12-23,2022,12
1024,2022-12-24,331.0,2022-12-24,2022,12
1025,2022-12-25,309.0,2022-12-25,2022,12
1026,2022-12-26,311.0,2022-12-26,2022,12
1027,2022-12-27,265.0,2022-12-27,2022,12
1028,2022-12-28,262.0,2022-12-28,2022,12
1029,2022-12-29,333.0,2022-12-29,2022,12
1030,2022-12-30,369.0,2022-12-30,2022,12
1031,2022-12-31,305.0,2022-12-31,2022,12
1032,2023-01-01,293.0,2023-01-01,2023,1
1033,2023-01-02,364.0,2023-01-02,2023,1
1034,2023-01-03,373.0,2023-01-03,2023,1
1035,2023-01-04,333.0,2023-01-04,2023,1
1036,2023-01-05,339.0,2023-01-05,2023,1
1037,2023-01-06,388.0,2023-01-06,2023,1
1038,2023-01-07,359.0,2023-01-07,2023,1
1039,2023-01-08,367.0,2023-01-08,2023,1
1040,2023-01-09,586.0,2023-01-09,2023,1
1041,2023-01-10,256.0,2023-01-10,2023,1
1042,2023-01-11,246.0,2023-01-11,2023,1
1043,2023-01-12,305.0,2023-01-12,2023,1
1044,2023-01-13,308.0,2023-01-13,2023,1
1045,2023-01-14,214.0,2023-01-14,2023,1
1046,2023-01-15,138.0,2023-01-15,2023,1
1047,2023-01-16,304.0,2023-01-16,2023,1
1048,2023-01-17,310.0,2023-01-17,2023,1
1049,2023-01-18,360.0,2023-01-18,2023,1
1050,2023-01-19,353.0,2023-01-19,2023,1
1051,2023-01-20,135.0,2023-01-20,2023,1
1052,2023-01-21,326.0,2023-01-21,2023,1
1053,2023-01-22,374.0,2023-01-22,2023,1
1054,2023-01-23,364.0,2023-01-23,2023,1
1055,2023-01-24,267.0,2023-01-24,2023,1
1056,2023-01-25,180.0,2023-01-25,2023,1
1057,2023-01-26,262.0,2023-01-26,2023,1
1058,2023-01-27,184.0,2023-01-27,2023,1
1059,2023-01-28,285.0,2023-01-28,2023,1
1060,2023-01-29,317.0,2023-01-29,2023,1
1061,2023-01-30,109.0,2023-01-30,2023,1
1062,2023-01-31,133.0,2023-01-31,2023,1
1063,2023-02-01,110.0,2023-02-01,2023,2
1064,2023-02-02,165.0,2023-02-02,2023,2
1065,2023-02-03,228.0,2023-02-03,2023,2
1066,2023-02-04,250.0,2023-02-04,2023,2
1067,2023-02-05,308.0,2023-02-05,2023,2
1068,2023-02-06,318.0,2023-02-06,2023,2
1069,2023-02-07,231.0,2023-02-07,2023,2
1070,2023-02-08,146.0,2023-02-08,2023,2
1071,2023-02-09,278.0,2023-02-09,2023,2
1072,2023-02-10,240.0,2023-02-10,2023,2
1073,2023-02-11,310.0,2023-02-11,2023,2
1074,2023-02-12,149.0,2023-02-12,2023,2
1075,2023-02-13,140.0,2023-02-13,2023,2
1076,2023-02-14,133.0,2023-02-14,2023,2
1077,2023-02-15,223.0,2023-02-15,2023,2
1078,2023-02-16,328.0,2023-02-16,2023,2
1079,2023-02-17,371.0,2023-02-17,2023,2
1080,2023-02-18,379.0,2023-02-18,2023,2
1081,2023-02-19,366.0,2023-02-19,2023,2
1082,2023-02-20,311.0,2023-02-20,2023,2
1083,2023-02-21,292.0,2023-02-21,2023,2
1084,2023-02-22,327.0,2023-02-22,2023,2
1085,2023-02-23,253.0,2023-02-23,2023,2
1086,2023-02-24,282.0,2023-02-24,2023,2
1087,2023-02-25,343.0,2023-02-25,2023,2
1088,2023-02-26,336.0,2023-02-26,2023,2
1089,2023-02-27,321.0,2023-02-27,2023,2
1090,2023-02-28,325.0,2023-02-28,2023,2
1091,2023-03-01,307.0,2023-03-01,2023,3
1092,2023-03-02,306.0,2023-03-02,2023,3
1093,2023-03-03,214.0,2023-03-03,2023,3
1094,2023-03-04,145.0,2023-03-04,2023,3
1095,2023-03-05,120.0,2023-03-05,2023,3
1096,2023-03-06,152.0,2023-03-06,2023,3
1097,2023-03-07,290.0,2023-03-07,2023,3
1098,2023-03-08,265.0,2023-03-08,2023,3
1099,2023-03-09,162.0,2023-03-09,2023,3
1100,2023-03-10,221.0,2023-03-10,2023,3
1101,2023-03-11,312.0,2023-03-11,2023,3
1102,2023-03-12,312.0,2023-03-12,2023,3
1103,2023-03-13,315.0,2023-03-13,2023,3
1104,2023-03-14,306.0,2023-03-14,2023,3
1105,2023-03-15,318.0,2023-03-15,2023,3
1106,2023-03-16,233.0,2023-03-16,2023,3
1107,2023-03-17,215.0,2023-03-17,2023,3
1108,2023-03-18,186.0,2023-03-18,2023,3
1109,2023-03-19,109.0,2023-03-19,2023,3
1110,2023-03-20,105.0,2023-03-20,2023,3
1111,2023-03-21,70.0,2023-03-21,2023,3
1112,2023-03-22,200.0,2023-03-22,2023,3
1113,2023-03-23,195.0,2023-03-23,2023,3
1114,2023-03-24,224.0,2023-03-24,2023,3
1115,2023-03-25,96.0,2023-03-25,2023,3
1116,2023-03-26,231.0,2023-03-26,2023,3
1117,2023-03-27,142.0,2023-03-27,2023,3
1118,2023-03-28,179.0,2023-03-28,2023,3
1119,2023-03-29,259.0,2023-03-29,2023,3
1120,2023-03-30,167.0,2023-03-30,2023,3
1121,2023-03-31,51.0,2023-03-31,2023,3
1122,2023-04-01,71.0,2023-04-01,2023,4
1123,2023-04-02,168.0,2023-04-02,2023,4
1124,2023-04-03,263.0,2023-04-03,2023,4
1125,2023-04-04,139.0,2023-04-04,2023,4
1126,2023-04-05,280.0,2023-04-05,2023,4
1127,2023-04-06,163.0,2023-04-06,2023,4
1128,2023-04-07,224.0,2023-04-07,2023,4
1129,2023-04-08,304.0,2023-04-08,2023,4
1130,2023-04-09,340.0,2023-04-09,2023,4
1131,2023-04-10,331.0,2023-04-10,2023,4
1132,2023-04-11,332.0,2023-04-11,2023,4
1133,2023-04-12,281.0,2023-04-12,2023,4
1134,2023-04-13,327.0,2023-04-13,2023,4
1135,2023-04-14,366.0,2023-04-14,2023,4
1136,2023-04-15,349.0,2023-04-15,2023,4
1137,2023-04-16,316.0,2023-04-16,2023,4
1138,2023-04-17,340.0,2023-04-17,2023,4
1139,2023-04-18,315.0,2023-04-18,2023,4
1140,2023-04-19,340.0,2023-04-19,2023,4
1141,2023-04-20,227.0,2023-04-20,2023,4
1142,2023-04-21,177.0,2023-04-21,2023,4
1143,2023-04-22,164.0,2023-04-22,2023,4
1144,2023-04-23,149.0,2023-04-23,2023,4
1145,2023-04-24,222.0,2023-04-24,2023,4
1146,2023-04-25,301.0,2023-04-25,2023,4
1147,2023-04-26,319.0,2023-04-26,2023,4
1148,2023-04-27,315.0,2023-04-27,2023,4
1149,2023-04-28,182.0,2023-04-28,2023,4
1150,2023-04-29,306.0,2023-04-29,2023,4
1151,2023-04-30,160.0,2023-04-30,2023,4
1152,2023-05-01,86.0,2023-05-01,2023,5
1153,2023-05-02,81.0,2023-05-02,2023,5
1154,2023-05-03,87.0,2023-05-03,2023,5
1155,2023-05-04,122.0,2023-05-04,2023,5
1156,2023-05-05,282.0,2023-05-05,2023,5
1157,2023-05-06,313.0,2023-05-06,2023,5
1158,2023-05-07,219.0,2023-05-07,2023,5
1159,2023-05-08,196.0,2023-05-08,2023,5
1160,2023-05-09,291.0,2023-05-09,2023,5
1161,2023-05-10,297.0,2023-05-10,2023,5
1162,2023-05-11,345.0,2023-05-11,2023,5
1163,2023-05-12,320.0,2023-05-12,2023,5
1164,2023-05-13,310.0,2023-05-13,2023,5
1165,2023-05-14,331.0,2023-05-14,2023,5
1166,2023-05-15,249.0,2023-05-15,2023,5
1167,2023-05-16,386.0,2023-05-16,2023,5
1168,2023-05-17,342.0,2023-05-17,2023,5
1169,2023-05-18,119.0,2023-05-18,2023,5
1170,2023-05-19,204.0,2023-05-19,2023,5
1171,2023-05-20,282.0,2023-05-20,2023,5
1172,2023-05-21,449.0,2023-05-21,2023,5
1173,2023-05-22,309.0,2023-05-22,2023,5
1174,2023-05-23,322.0,2023-05-23,2023,5
1175,2023-05-24,194.0,2023-05-24,2023,5
1176,2023-05-25,137.0,2023-05-25,2023,5
1177,2023-05-26,79.0,2023-05-26,2023,5
1178,2023-05-27,78.0,2023-05-27,2023,5
1179,2023-05-28,166.0,2023-05-28,2023,5
1180,2023-05-29,106.0,2023-05-29,2023,5
1181,2023-05-30,126.0,2023-05-30,2023,5
1182,2023-05-31,73.0,2023-05-31,2023,5
1183,2023-06-01,98.0,2023-06-01,2023,6
1184,2023-06-02,133.0,2023-06-02,2023,6
1185,2023-06-03,218.0,2023-06-03,2023,6
1186,2023-06-04,281.0,2023-06-04,2023,6
1187,2023-06-05,228.0,2023-06-05,2023,6
1188,2023-06-06,326.0,2023-06-06,2023,6
1189,2023-06-07,364.0,2023-06-07,2023,6
1190,2023-06-08,267.0,2023-06-08,2023,6
1191,2023-06-09,200.0,2023-06-09,2023,6
1192,2023-06-10,255.0,2023-06-10,2023,6
1193,2023-06-11,176.0,2023-06-11,2023,6
1194,2023-06-12,307.0,2023-06-12,2023,6
1195,2023-06-13,317.0,2023-06-13,2023,6
1196,2023-06-14,279.0,2023-06-14,2023,6
1197,2023-06-15,226.0,2023-06-15,2023,6
1198,2023-06-16,157.0,2023-06-16,2023,6
1199,2023-06-17,161.0,2023-06-17,2023,6
1200,2023-06-18,92.0,2023-06-18,2023,6
1201,2023-06-19,66.0,2023-06-19,2023,6
1202,2023-06-20,98.0,2023-06-20,2023,6
1203,2023-06-21,104.0,2023-06-21,2023,6
1204,2023-06-22,165.0,2023-06-22,2023,6
1205,2023-06-23,239.0,2023-06-23,2023,6
1206,2023-06-24,285.0,2023-06-24,2023,6
1207,2023-06-25,60.0,2023-06-25,2023,6
1208,2023-06-26,202.0,2023-06-26,2023,6
1209,2023-06-27,303.0,2023-06-27,2023,6
1210,2023-06-28,242.0,2023-06-28,2023,6
1211,2023-06-29,234.0,2023-06-29,2023,6
1212,2023-06-30,91.0,2023-06-30,2023,6
1213,2023-07-01,68.0,2023-07-01,2023,7
1214,2023-07-02,96.0,2023-07-02,2023,7
1215,2023-07-03,226.0,2023-07-03,2023,7
1216,2023-07-04,176.0,2023-07-04,2023,7
1217,2023-07-05,154.0,2023-07-05,2023,7
1218,2023-07-06,89.0,2023-07-06,2023,7
1219,2023-07-07,70.0,2023-07-07,2023,7
1220,2023-07-08,47.0,2023-07-08,2023,7
1221,2023-07-09,42.0,2023-07-09,2023,7
1222,2023-07-10,72.0,2023-07-10,2023,7
1223,2023-07-11,131.0,2023-07-11,2023,7
1224,2023-07-12,188.0,2023-07-12,2023,7
1225,2023-07-13,96.0,2023-07-13,2023,7
1226,2023-07-14,73.0,2023-07-14,2023,7
1227,2023-07-15,87.0,2023-07-15,2023,7
1228,2023-07-16,42.0,2023-07-16,2023,7
1229,2023-07-17,107.0,2023-07-17,2023,7
1230,2023-07-18,108.0,2023-07-18,2023,7
1231,2023-07-19,93.0,2023-07-19,2023,7
1232,2023-07-20,141.0,2023-07-20,2023,7
1233,2023-07-21,218.0,2023-07-21,2023,7
1234,2023-07-22,121.0,2023-07-22,2023,7
1235,2023-07-23,75.0,2023-07-23,2023,7
1236,2023-07-24,95.0,2023-07-24,2023,7
1237,2023-07-25,120.0,2023-07-25,2023,7
1238,2023-07-26,55.0,2023-07-26,2023,7
1239,2023-07-27,117.0,2023-07-27,2023,7
1240,2023-07-28,58.0,2023-07-28,2023,7
1241,2023-07-29,37.0,2023-07-29,2023,7
1242,2023-07-30,43.0,2023-07-30,2023,7
1243,2023-07-31,70.0,2023-07-31,2023,7
1244,2023-08-01,60.0,2023-08-01,2023,8
1245,2023-08-02,71.0,2023-08-02,2023,8
1246,2023-08-03,70.0,2023-08-03,2023,8
1247,2023-08-04,116.0,2023-08-04,2023,8
1248,2023-08-05,152.0,2023-08-05,2023,8
1249,2023-08-06,91.0,2023-08-06,2023,8
1250,2023-08-07,99.0,2023-08-07,2023,8
1251,2023-08-08,76.0,2023-08-08,2023,8
1252,2023-08-09,77.0,2023-08-09,2023,8
1253,2023-08-10,120.0,2023-08-10,2023,8
1254,2023-08-11,69.0,2023-08-11,2023,8
1255,2023-08-12,67.0,2023-08-12,2023,8
1256,2023-08-13,78.0,2023-08-13,2023,8
1257,2023-08-14,87.0,2023-08-14,2023,8
1258,2023-08-15,80.0,2023-08-15,2023,8
1259,2023-08-16,75.0,2023-08-16,2023,8
1260,2023-08-17,148.0,2023-08-17,2023,8
1261,2023-08-18,298.0,2023-08-18,2023,8
1262,2023-08-19,201.0,2023-08-19,2023,8
1263,2023-08-20,179.0,2023-08-20,2023,8
1264,2023-08-21,224.0,2023-08-21,2023,8
1265,2023-08-22,221.0,2023-08-22,2023,8
1266,2023-08-23,167.0,2023-08-23,2023,8
1267,2023-08-24,196.0,2023-08-24,2023,8
1268,2023-08-25,240.0,2023-08-25,2023,8
1269,2023-08-26,318.0,2023-08-26,2023,8
1270,2023-08-27,335.0,2023-08-27,2023,8
1271,2023-08-28,308.0,2023-08-28,2023,8
1272,2023-08-29,308.0,2023-08-29,2023,8
1273,2023-08-30,307.0,2023-08-30,2023,8
1274,2023-08-31,307.0,2023-08-31,2023,8
1275,2023-09-01,306.0,2023-09-01,2023,9
1276,2023-09-02,306.0,2023-09-02,2023,9
1277,2023-09-03,301.0,2023-09-03,2023,9
1278,2023-09-04,284.0,2023-09-04,2023,9
1279,2023-09-05,249.0,2023-09-05,2023,9
1280,2023-09-06,213.0,2023-09-06,2023,9
1281,2023-09-07,194.0,2023-09-07,2023,9
1282,2023-09-08,201.0,2023-09-08,2023,9
1283,2023-09-09,89.0,2023-09-09,2023,9
1284,2023-09-10,82.0,2023-09-10,2023,9
1285,2023-09-11,129.0,2023-09-11,2023,9
1286,2023-09-12,181.0,2023-09-12,2023,9
1287,2023-09-13,194.0,2023-09-13,2023,9
1288,2023-09-14,248.0,2023-09-14,2023,9
1289,2023-09-15,186.0,2023-09-15,2023,9
1290,2023-09-16,173.0,2023-09-16,2023,9
1291,2023-09-17,129.0,2023-09-17,2023,9
1292,2023-09-18,98.0,2023-09-18,2023,9
1293,2023-09-19,148.0,2023-09-19,2023,9
1294,2023-09-20,293.0,2023-09-20,2023,9
1295,2023-09-21,214.0,2023-09-21,2023,9
1296,2023-09-22,203.0,2023-09-22,2023,9
1297,2023-09-23,222.0,2023-09-23,2023,9
1298,2023-09-24,273.0,2023-09-24,2023,9
1299,2023-09-25,301.0,2023-09-25,2023,9
1300,2023-09-26,299.0,2023-09-26,2023,9
1301,2023-09-27,300.0,2023-09-27,2023,9
1302,2023-09-28,312.0,2023-09-28,2023,9
1303,2023-09-29,345.0,2023-09-29,2023,9
1304,2023-09-30,320.0,2023-09-30,2023,9
1305,2023-10-01,314.0,2023-10-01,2023,10
1306,2023-10-02,305.0,2023-10-02,2023,10
1307,2023-10-03,317.0,2023-10-03,2023,10
1308,2023-10-04,338.0,2023-10-04,2023,10
1309,2023-10-05,358.0,2023-10-05,2023,10
1310,2023-10-06,346.0,2023-10-06,2023,10
1311,2023-10-07,283.0,2023-10-07,2023,10
1312,2023-10-08,260.0,2023-10-08,2023,10
1313,2023-10-09,118.0,2023-10-09,2023,10
1314,2023-10-10,110.0,2023-10-10,2023,10
1315,2023-10-11,137.0,2023-10-11,2023,10
1316,2023-10-12,178.0,2023-10-12,2023,10
1317,2023-10-13,275.0,2023-10-13,2023,10
1318,2023-10-14,300.0,2023-10-14,2023,10
1319,2023-10-15,309.0,2023-10-15,2023,10
1320,2023-10-16,211.0,2023-10-16,2023,10
1321,2023-10-17,134.0,2023-10-17,2023,10
1322,2023-10-18,145.0,2023-10-18,2023,10
1323,2023-10-19,133.0,2023-10-19,2023,10
1324,2023-10-20,291.0,2023-10-20,2023,10
1325,2023-10-21,326.0,2023-10-21,2023,10
1326,2023-10-22,318.0,2023-10-22,2023,10
1327,2023-10-23,190.0,2023-10-23,2023,10
1328,2023-10-24,211.0,2023-10-24,2023,10
1329,2023-10-25,314.0,2023-10-25,2023,10
1330,2023-10-26,323.0,2023-10-26,2023,10
1331,2023-10-27,327.0,2023-10-27,2023,10
1332,2023-10-28,318.0,2023-10-28,2023,10
1333,2023-10-29,207.0,2023-10-29,2023,10
1334,2023-10-30,254.0,2023-10-30,2023,10
1335,2023-10-31,333.0,2023-10-31,2023,10
1336,2023-11-01,203.0,2023-11-01,2023,11
1337,2023-11-02,338.0,2023-11-02,2023,11
1338,2023-11-03,447.0,2023-11-03,2023,11
1339,2023-11-04,586.0,2023-11-04,2023,11
1340,2023-11-05,350.0,2023-11-05,2023,11
1341,2023-11-06,437.0,2023-11-06,2023,11
1342,2023-11-07,389.0,2023-11-07,2023,11
1343,2023-11-08,441.0,2023-11-08,2023,11
1344,2023-11-09,528.0,2023-11-09,2023,11
1345,2023-11-10,303.0,2023-11-10,2023,11
1346,2023-11-11,301.0,2023-11-11,2023,11
1347,2023-11-12,323.0,2023-11-12,2023,11
1348,2023-11-13,444.0,2023-11-13,2023,11
1349,2023-11-14,404.0,2023-11-14,2023,11
1350,2023-11-15,350.0,2023-11-15,2023,11
1351,2023-11-16,515.0,2023-11-16,2023,11
1352,2023-11-17,411.0,2023-11-17,2023,11
1353,2023-11-18,335.0,2023-11-18,2023,11
1354,2023-11-19,323.0,2023-11-19,2023,11
1355,2023-11-20,344.0,2023-11-20,2023,11
1356,2023-11-21,323.0,2023-11-21,2023,11
1357,2023-11-22,341.0,2023-11-22,2023,11
1358,2023-11-23,442.0,2023-11-23,2023,11
1359,2023-11-24,483.0,2023-11-24,2023,11
1360,2023-11-25,330.0,2023-11-25,2023,11
1361,2023-11-26,325.0,2023-11-26,2023,11
1362,2023-11-27,303.0,2023-11-27,2023,11
1363,2023-11-28,219.0,2023-11-28,2023,11
1364,2023-11-29,326.0,2023-11-29,2023,11
1365,2023-11-30,348.0,2023-11-30,2023,11
1366,2023-12-01,282.0,2023-12-01,2023,12
1367,2023-12-02,326.0,2023-12-02,2023,12
1368,2023-12-03,236.0,2023-12-03,2023,12
1369,2023-12-04,192.0,2023-12-04,2023,12
1370,2023-12-05,167.0,2023-12-05,2023,12
1372,2023-12-07,171.0,2023-12-07,2023,12
1373,2023-12-08,187.0,2023-12-08,2023,12
1374,2023-12-09,216.0,2023-12-09,2023,12
1375,2023-12-10,181.0,2023-12-10,2023,12
1376,2023-12-11,214.0,2023-12-11,2023,12
1377,2023-12-12,213.0,2023-12-12,2023,12
1379,2023-12-14,212.0,2023-12-14,2023,12
1380,2023-12-15,315.0,2023-12-15,2023,12
1381,2023-12-16,243.0,2023-12-16,2023,12
1382,2023-12-17,209.0,2023-12-17,2023,12
1383,2023-12-18,181.0,2023-12-18,2023,12
1384,2023-12-19,184.0,2023-12-19,2023,12
1385,2023-12-20,165.0,2023-12-20,2023,12
1386,2023-12-21,178.0,2023-12-21,2023,12
1387,2023-12-22,207.0,2023-12-22,2023,12
1388,2023-12-23,246.0,2023-12-23,2023,12
1389,2023-12-24,244.0,2023-12-24,2023,12
1390,2023-12-25,185.0,2023-12-25,2023,12
1391,2023-12-26,271.0,2023-12-26,2023,12
1392,2023-12-27,236.0,2023-12-27,2023,12
1393,2023-12-28,181.0,2023-12-28,2023,12
1394,2023-12-29,191.0,2023-12-29,2023,12
1395,2023-12-30,197.0,2023-12-30,2023,12
1396,2023-12-31,186.0,2023-12-31,2023,12
1397,2024-01-01,189.0,2024-01-01,2024,1
1398,2024-01-02,180.0,2024-01-02,2024,1
1399,2024-01-03,196.0,2024-01-03,2024,1
1400,2024-01-04,200.0,2024-01-04,2024,1
1401,2024-01-05,198.0,2024-01-05,2024,1
1402,2024-01-06,158.0,2024-01-06,2024,1
1403,2024-01-07,160.0,2024-01-07,2024,1
1404,2024-01-08,214.0,2024-01-08,2024,1
1405,2024-01-09,172.0,2024-01-09,2024,1
1406,2024-01-10,169.0,2024-01-10,2024,1
1407,2024-01-11,168.0,2024-01-11,2024,1
1408,2024-01-12,255.0,2024-01-12,2024,1
1409,2024-01-13,411.0,2024-01-13,2024,1
1410,2024-01-14,286.0,2024-01-14,2024,1
1411,2024-01-15,272.0,2024-01-15,2024,1
1412,2024-01-16,206.0,2024-01-16,2024,1
1413,2024-01-17,206.0,2024-01-17,2024,1
1414,2024-01-18,199.0,2024-01-18,2024,1
1415,2024-01-19,197.0,2024-01-19,2024,1
1416,2024-01-20,266.0,2024-01-20,2024,1
1417,2024-01-21,293.0,2024-01-21,2024,1
1418,2024-01-22,295.0,2024-01-22,2024,1
1419,2024-01-23,242.0,2024-01-23,2024,1
1420,2024-01-24,326.0,2024-01-24,2024,1
1421,2024-01-25,254.0,2024-01-25,2024,1
1422,2024-01-26,259.0,2024-01-26,2024,1
1423,2024-01-27,301.0,2024-01-27,2024,1
1424,2024-01-28,318.0,2024-01-28,2024,1
1425,2024-01-29,222.0,2024-01-29,2024,1
1426,2024-01-30,196.0,2024-01-30,2024,1
1427,2024-01-31,191.0,2024-01-31,2024,1
1428,2024-02-01,116.0,2024-02-01,2024,2
1429,2024-02-02,171.0,2024-02-02,2024,2
1430,2024-02-03,552.0,2024-02-03,2024,2
1431,2024-02-04,197.0,2024-02-04,2024,2
1432,2024-02-05,166.0,2024-02-05,2024,2
1433,2024-02-06,161.0,2024-02-06,2024,2
1434,2024-02-07,159.0,2024-02-07,2024,2
1435,2024-02-08,186.0,2024-02-08,2024,2
1436,2024-02-09,210.0,2024-02-09,2024,2
1437,2024-02-10,353.0,2024-02-10,2024,2
1438,2024-02-11,313.0,2024-02-11,2024,2
1439,2024-02-12,232.0,2024-02-12,2024,2
1440,2024-02-13,373.0,2024-02-13,2024,2
1441,2024-02-14,193.0,2024-02-14,2024,2
1442,2024-02-15,192.0,2024-02-15,2024,2
1443,2024-02-16,230.0,2024-02-16,2024,2
1444,2024-02-17,282.0,2024-02-17,2024,2
1445,2024-02-18,190.0,2024-02-18,2024,2
1446,2024-02-19,202.0,2024-02-19,2024,2
1447,2024-02-20,184.0,2024-02-20,2024,2
1448,2024-02-21,204.0,2024-02-21,2024,2
1449,2024-02-22,164.0,2024-02-22,2024,2
1450,2024-02-23,166.0,2024-02-23,2024,2
1451,2024-02-24,196.0,2024-02-24,2024,2
1452,2024-02-25,179.0,2024-02-25,2024,2
1453,2024-02-26,180.0,2024-02-26,2024,2
1454,2024-02-27,153.0,2024-02-27,2024,2
1455,2024-02-28,153.0,2024-02-28,2024,2
1456,2024-02-29,157.0,2024-02-29,2024,2
1457,2024-03-01,173.0,2024-03-01,2024,3
1458,2024-03-02,97.0,2024-03-02,2024,3
1459,2024-03-03,126.0,2024-03-03,2024,3
1460,2024-03-04,154.0,2024-03-04,2024,3
1461,2024-03-05,167.0,2024-03-05,2024,3
1462,2024-03-06,169.0,2024-03-06,2024,3
1463,2024-03-07,204.0,2024-03-07,2024,3
1464,2024-03-08,171.0,2024-03-08,2024,3
1465,2024-03-09,173.0,2024-03-09,2024,3
1466,2024-03-10,217.0,2024-03-10,2024,3
1467,2024-03-11,209.0,2024-03-11,2024,3
1468,2024-03-12,189.0,2024-03-12,2024,3
1469,2024-03-13,171.0,2024-03-13,2024,3
1470,2024-03-14,207.0,2024-03-14,2024,3
1471,2024-03-15,207.0,2024-03-15,2024,3
1472,2024-03-16,164.0,2024-03-16,2024,3
1473,2024-03-17,180.0,2024-03-17,2024,3
1474,2024-03-18,174.0,2024-03-18,2024,3
1475,2024-03-19,176.0,2024-03-19,2024,3
1476,2024-03-20,275.0,2024-03-20,2024,3
1477,2024-03-21,229.0,2024-03-21,2024,3
1478,2024-03-22,184.0,2024-03-22,2024,3
1479,2024-03-23,243.0,2024-03-23,2024,3
1480,2024-03-24,167.0,2024-03-24,2024,3
1481,2024-03-25,245.0,2024-03-25,2024,3
1482,2024-03-26,155.0,2024-03-26,2024,3
1483,2024-03-27,270.0,2024-03-27,2024,3
1484,2024-03-28,161.0,2024-03-28,2024,3
1485,2024-03-29,170.0,2024-03-29,2024,3
1486,2024-03-30,260.0,2024-03-30,2024,3
1487,2024-03-31,381.0,2024-03-31,2024,3
1488,2024-04-01,268.0,2024-04-01,2024,4
1489,2024-04-02,268.0,2024-04-02,2024,4
1490,2024-04-03,173.0,2024-04-03,2024,4
1491,2024-04-04,203.0,2024-04-04,2024,4
1492,2024-04-05,203.0,2024-04-05,2024,4
1493,2024-04-06,203.0,2024-04-06,2024,4
1494,2024-04-07,181.0,2024-04-07,2024,4
1495,2024-04-08,254.0,2024-04-08,2024,4
1496,2024-04-09,197.0,2024-04-09,2024,4
1497,2024-04-10,233.0,2024-04-10,2024,4
1498,2024-04-11,231.0,2024-04-11,2024,4
1499,2024-04-12,231.0,2024-04-12,2024,4
1500,2024-04-13,236.0,2024-04-13,2024,4
1501,2024-04-14,129.0,2024-04-14,2024,4
1502,2024-04-15,229.0,2024-04-15,2024,4
1503,2024-04-16,222.0,2024-04-16,2024,4
1504,2024-04-17,176.0,2024-04-17,2024,4
1505,2024-04-18,184.0,2024-04-18,2024,4
1506,2024-04-19,202.0,2024-04-19,2024,4
1507,2024-04-20,458.0,2024-04-20,2024,4
1508,2024-04-21,176.0,2024-04-21,2024,4
1509,2024-04-22,177.0,2024-04-22,2024,4
1510,2024-04-23,211.0,2024-04-23,2024,4
1511,2024-04-24,182.0,2024-04-24,2024,4
1512,2024-04-25,206.0,2024-04-25,2024,4
1513,2024-04-26,206.0,2024-04-26,2024,4
1514,2024-04-27,227.0,2024-04-27,2024,4
1515,2024-04-28,187.0,2024-04-28,2024,4
1516,2024-04-29,247.0,2024-04-29,2024,4
1517,2024-04-30,199.0,2024-04-30,2024,4
1518,2024-05-01,229.0,2024-05-01,2024,5
1519,2024-05-02,213.0,2024-05-02,2024,5
1520,2024-05-03,217.0,2024-05-03,2024,5
1521,2024-05-04,249.0,2024-05-04,2024,5
1522,2024-05-05,212.0,2024-05-05,2024,5
1523,2024-05-06,232.0,2024-05-06,2024,5
1524,2024-05-07,197.0,2024-05-07,2024,5
1525,2024-05-08,134.0,2024-05-08,2024,5
1526,2024-05-09,146.0,2024-05-09,2024,5
1527,2024-05-10,171.0,2024-05-10,2024,5
1528,2024-05-11,134.0,2024-05-11,2024,5
1529,2024-05-12,134.0,2024-05-12,2024,5
1530,2024-05-13,204.0,2024-05-13,2024,5
1531,2024-05-14,170.0,2024-05-14,2024,5
1532,2024-05-15,464.0,2024-05-15,2024,5
1533,2024-05-16,156.0,2024-05-16,2024,5
1534,2024-05-17,139.0,2024-05-17,2024,5
1535,2024-05-18,257.0,2024-05-18,2024,5
1536,2024-05-19,218.0,2024-05-19,2024,5
1537,2024-05-20,146.0,2024-05-20,2024,5
1538,2024-05-21,199.0,2024-05-21,2024,5
1539,2024-05-22,215.0,2024-05-22,2024,5
1540,2024-05-23,157.0,2024-05-23,2024,5
1541,2024-05-24,138.0,2024-05-24,2024,5
1542,2024-05-25,159.0,2024-05-25,2024,5
1543,2024-05-26,220.0,2024-05-26,2024,5
1544,2024-05-27,214.0,2024-05-27,2024,5
1545,2024-05-28,184.0,2024-05-28,2024,5
1546,2024-05-29,163.0,2024-05-29,2024,5
1547,2024-05-30,153.0,2024-05-30,2024,5
1548,2024-05-31,203.0,2024-05-31,2024,5
1549,2024-06-01,144.0,2024-06-01,2024,6
1550,2024-06-02,144.0,2024-06-02,2024,6
1551,2024-06-03,239.0,2024-06-03,2024,6
1552,2024-06-04,268.0,2024-06-04,2024,6
1553,2024-06-05,195.0,2024-06-05,2024,6
1554,2024-06-06,177.0,2024-06-06,2024,6
1555,2024-06-07,208.0,2024-06-07,2024,6
1556,2024-06-08,249.0,2024-06-08,2024,6
1557,2024-06-09,179.0,2024-06-09,2024,6
1558,2024-06-10,165.0,2024-06-10,2024,6
1559,2024-06-11,194.0,2024-06-11,2024,6
1560,2024-06-12,311.0,2024-06-12,2024,6
1561,2024-06-13,240.0,2024-06-13,2024,6
1562,2024-06-14,207.0,2024-06-14,2024,6
1563,2024-06-15,142.0,2024-06-15,2024,6
1564,2024-06-16,167.0,2024-06-16,2024,6
1565,2024-06-17,143.0,2024-06-17,2024,6
1566,2024-06-18,164.0,2024-06-18,2024,6
1567,2024-06-19,168.0,2024-06-19,2024,6
1568,2024-06-20,248.0,2024-06-20,2024,6
1569,2024-06-21,158.0,2024-06-21,2024,6
1570,2024-06-22,156.0,2024-06-22,2024,6
1571,2024-06-23,146.0,2024-06-23,2024,6
1572,2024-06-24,152.0,2024-06-24,2024,6
1573,2024-06-25,155.0,2024-06-25,2024,6
1574,2024-06-26,126.0,2024-06-26,2024,6
1575,2024-06-27,133.0,2024-06-27,2024,6
1576,2024-06-28,147.0,2024-06-28,2024,6
1577,2024-06-29,178.0,2024-06-29,2024,6
1578,2024-06-30,123.0,2024-06-30,2024,6
1579,2024-07-01,145.0,2024-07-01,2024,7
1580,2024-07-02,155.0,2024-07-02,2024,7
1581,2024-07-03,121.0,2024-07-03,2024,7
1582,2024-07-04,102.0,2024-07-04,2024,7
